subject_id,label,source_file,channel,window_index,start_s,end_s,annotation_event,annotation_stage,annotation_location,signal_transform,n_samples,duration_s,mean,std,min,max,ptp,rms,line_length,zero_crossing_rate,sample_entropy,skewness,kurtosis,hjorth_mobility,hjorth_complexity,bp_delta,rel_bp_delta,bp_theta,rel_bp_theta,bp_alpha,rel_bp_alpha,bp_beta,rel_bp_beta,rectified_mean,rectified_std,envelope_mean,envelope_std,envelope_cv,burst_fraction,burst_rate_hz,p95_abs,ratio_theta_beta,ratio_alpha_beta,ratio_alpha_delta,relative_time_quantile,time_match_rank,evt_active_fraction,evt_burst_duration_median_s,evt_interburst_gap_median_s
brux1,bruxism,brux1.edf,EMG1-EMG2,3,2510.0,2540.0,SLEEP-S2,S2,EEG-Fp2-F4,none,15360.0,30.0,4.128745979123272,6.875735873246494e-05,-0.000513560902765,0.9687440659297666,1.072420793930665,6.888223473432212e-05,0.15951546248988244,-0.9538887181063638,0.1737394940600521,1.6884893881639265,41.896393451566645,0.3752168763494065,4.538999248967554,4.871965065823526e-06,0.3502926741959512,4.906878594178808e-06,0.3528029453181684,2.63221037724138e-06,0.1892550540968134,1.49696767260864e-06,0.1076314797290798,1.177429300796409,1.9551147669744195,1.1777231442669323,2.0836538838703245,1.2741424905814307,0.0292317708333333,0.4333333333333333,-0.046976357626215874,3.277878797227465,1.7583615367287435,0.540276939936647,0.1,1,0.9567057291666666,2.716796875,0.1015625
brux1,bruxism,brux1.edf,EMG1-EMG2,6,3260.0,3290.0,SLEEP-S2,S2,EEG-Fp2-F4,none,15360.0,30.0,4.999308584868365,5.531626921322024e-05,-0.0003687432594762,1.0185712658083246,0.8539562964150578,5.554326066311528e-05,-0.4857376782334658,-1.0166000614817094,0.1867808491614552,5.481724563149178,62.940066747731706,0.479595525268721,3.678836083147251,4.127260514989849e-06,0.5243824723703537,1.9690895947017952e-06,0.2501795237393695,1.166746471413502e-06,0.1482391036589807,6.071615656735494e-07,0.0771419399816911,0.820083031571686,1.2894889916703056,0.8204491038996803,1.3353929580766917,0.7258575094185693,0.0284505208333333,0.4,0.8766100452938144,3.2431064580272024,1.9216408570249044,0.2826927127996843,0.2,2,0.9571614583333333,2.478515625,0.091796875
brux1,bruxism,brux1.edf,EMG1-EMG2,8,4280.0,4310.0,SLEEP-S2,S2,EEG-Fp2-F4,none,15360.0,30.0,4.139360439663543,4.590232184936564e-05,-0.0004445855868888,0.9687440659297666,0.9516749479083574,4.609011995422309e-05,-0.24697224793431852,-0.8899477405471872,0.1927738151513696,3.2905322292805628,63.51007876257442,0.5327969116152772,3.3976404688713204,1.3613346923681985e-06,0.2904881718990398,2.775264559169432e-06,0.5921993561530982,2.3276446451426305e-07,0.0496684056895535,3.1684214765678e-07,0.0676093078134014,0.5478110605278858,0.8235868190780923,0.5457260268724079,0.9054645223810427,0.44823007242825347,0.0361979166666666,0.6333333333333333,0.9015004967528517,8.759139463275394,0.7346385770822564,0.1709825407514903,0.2666666666666666,3,0.9585286458333333,2.443359375,0.1015625
brux1,bruxism,brux1.edf,EMG1-EMG2,11,5870.0,5900.0,SLEEP-S2,S2,EEG-Fp2-F4,none,15360.0,30.0,-0.017748721223505345,6.643762897080244e-06,-7.770405054019409e-05,-1.1351638752800537,-1.170460009616881,6.6437629306248365e-06,1.6594437925312602,1.084229941592376,0.9951202444605124,0.3055378461091761,29.659883187917544,0.8274904761265581,1.305000360131189,6.364176089560456e-10,0.0254484657611797,6.108483665780464e-10,0.0244260270667772,1.395781894630539e-09,0.0558132070133105,2.2346756641122e-08,0.8935809808717707,-1.336009633832415,-1.0598432339630404,-1.3295286509876507,-1.0461152887209446,-1.305471565033363,0.0825520833333333,17.333333333333332,-1.1431551989166464,0.0273349898774114,0.0624601554957667,2.1931855357052803,0.3666666666666666,4,0.3416015625,1.06640625,0.109375
brux1,bruxism,brux1.edf,EMG1-EMG2,14,8210.0,8240.0,SLEEP-S2,S2,EEG-Fp2-F4,none,15360.0,30.0,3.95482937444922,4.481875619724934e-05,-0.000390320935726,0.9189168660514573,0.8216327402895403,4.4994410540050485e-05,-0.159515462489883,-0.9883184752536119,0.2421673665416425,3.95370702871226,70.20207392530716,0.5922447834041699,3.0254792999996125,1.894443242394144e-06,0.3992362930451154,1.6079764582180598e-06,0.3388660827185817,7.528580583981334e-07,0.1586578334456534,4.895749335959319e-07,0.1031733637000581,0.6874275983022563,0.7533390610791474,0.6883056303507745,0.7888636737877901,0.038797999417043795,0.0352864583333333,0.7,1.0984995032471483,3.2844337973095548,1.5377790134563971,0.3974033328370886,0.4666666666666667,5,0.9662109375,2.248046875,0.095703125
brux1,bruxism,brux1.edf,EMG1-EMG2,16,8270.0,8300.0,SLEEP-S2,S2,EEG-Fp2-F4,none,15360.0,30.0,-1.2096997861612448,5.059027975803869e-05,-0.000507517932613,1.0185712658083246,1.0968905273281477,5.060433524253512e-05,1.37945477382662,-0.6932062711343377,0.3708528990481874,1.5726981826319637,66.06948221853536,0.4642202470965727,3.8040485020917263,2.1274576822056376e-06,0.5137615829796053,1.3311762432731755e-06,0.3214668943543128,4.140988604682977e-07,0.1000010894899104,2.680094449864722e-07,0.0647218310669204,1.2393918733828209,1.001215433502173,1.2381639325529465,1.1850250766219808,-0.038797999417043795,0.059765625,1.4666666666666666,4.684893376783781,4.966900488676311,1.545090548914048,0.1946449341539811,0.5333333333333333,6,0.8098958333333334,0.888671875,0.291015625
brux1,bruxism,brux1.edf,EMG1-EMG2,19,8570.0,8600.0,SLEEP-S2,S2,EEG-Fp2-F4,none,15360.0,30.0,-0.016739334111102237,1.841044648878294e-06,-7.233252151620581e-06,-1.3511830162165999,-1.4457712240207883,1.841044680599571e-06,-2.122135327458819,0.6932062711343376,2.221598415988328,0.1267327491227023,0.0396821536559182,0.6282115563481073,1.4553094782810356,4.020991303444079e-12,0.0014698276441587,7.605857808903179e-11,0.0278023482803643,1.7980563250728535e-10,0.0657259042088198,2.4713091933412142e-09,0.9033589718349844,-1.6225196454872524,-1.2963012860884353,-1.6154438002166356,-1.305480709477891,-3.2188326605324216,0.1592447916666666,38.06666666666667,-1.9421872582752495,0.0307766338157794,0.0727572385486042,44.71674244937494,0.6333333333333333,7,0.3712890625,0.3828125,0.6328125
brux1,bruxism,brux1.edf,EMG1-EMG2,22,9680.0,9710.0,SLEEP-S2,S2,EEG-Fp2-F4,none,15360.0,30.0,-0.017488426515385607,7.527468201142994e-06,-0.0001469845669291,-1.1339485777220422,-1.0483250520916427,7.52746821216389e-06,-0.6205452261733799,1.011681524746388,0.519159347910045,-4.195143178796377,97.72944962492956,0.4806170757421996,2.132987456576038,9.808091924843949e-08,0.3227647305968333,1.0169036950768024e-07,0.3346427110384272,5.504289493820168e-08,0.1811351819715038,4.9054344833664895e-08,0.1614280587515387,-1.440077731416383,-0.9987845664978272,-1.4332587983545975,-0.9538847112790554,0.09802268854614447,0.0423177083333333,5.766666666666667,-1.544095530337759,2.0730145281217256,1.1220799120820582,0.5611988076781553,0.7333333333333333,8,0.24791666666666667,0.7041015625,0.322265625
brux1,bruxism,brux1.edf,EMG1-EMG2,24,11630.0,11660.0,SLEEP-S2,S2,EEG-Fp2-F4,none,15360.0,30.0,0.0014395688246772792,1.426099566020063e-05,-0.0001900788793261,-0.9189168660514575,-0.8216327402895404,1.42610076865295e-05,9.050730183256432,1.1291115893021824,0.802572415011167,0.0104746334703912,26.19557247037797,0.6991098737254591,1.4412790018900574,1.226642709713666e-08,0.0954084274219448,3.8478093115200255e-08,0.2992831021816751,2.9341223109336524e-08,0.2282164099888293,4.839851710045445e-08,0.3764442872844655,-0.5478110605278854,-0.7533390610791473,-0.5457260268724079,-0.7888636737877902,-1.7500250916584335,0.087109375,18.966666666666665,0.046976357626215874,0.7950262822172077,0.6062421922646266,2.3919942520333093,0.8,9,1.0,30.0,3.0
brux1,bruxism,brux1.edf,EMG1-EMG2,27,12140.0,12170.0,SLEEP-S2,S2,EEG-Fp2-F4,none,15360.0,30.0,-0.001439568824677276,1.0923358129341051e-05,-0.0001713090477934,-0.9814287341916753,-0.8984612918736848,1.0923369328150796e-05,6.980964944887018,1.1899784814017826,1.3371988079750643,0.2506784125502482,28.03940893376761,0.7531861270425806,1.3786666110719796,1.1766420071571772e-08,0.1525699204610933,6.037050355090767e-09,0.0782797390279451,8.564792692744151e-09,0.1110558463788701,5.075061612897716e-08,0.6580606011897385,-0.8225706992035908,-0.9001829653354549,-0.822276855733068,-0.9317308229072523,-1.8794483688879766,0.0844401041666666,18.266666666666666,-0.47107266561498184,0.11895521307068,0.168762339179837,0.7279013192327797,0.9,10,0.9901041666666667,3.71875,0.09375
brux2,bruxism,brux2.edf,EMG1-EMG2,11,4800.0,4830.0,SLEEP-S2,S2,ROC-LOC,none,7680.0,30.0,0.00027221946691082443,3.38645750293857e-06,-5.13047459179002e-05,0.26978193146417445,0.18702734147759684,3.386457516054652e-06,-0.26798827258073604,-0.46153846153846034,1.4789157806146276,-0.0977996733484087,56.26104566069759,1.401704634416161,1.1382408928644732,6.7436660784584646e-12,0.0037879027186576,3.583878846686877e-11,0.0201305703289032,1.2908993371611323e-10,0.0725095378664377,1.5984823134924711e-09,0.8978640743119838,-0.18012711001547727,-0.19879746405322965,-0.17925078918929602,0.13566108167040136,0.21548390741320436,0.0549479166666666,8.366666666666667,-0.4306647242619234,0.0224205098576072,0.0807578117233395,19.142397060327447,0.1,1,0.4373697916666667,0.4609375,0.32421875
brux2,bruxism,brux2.edf,EMG1-EMG2,21,7620.0,7650.0,SLEEP-S2,S2,ROC-LOC,none,7680.0,30.0,-0.0002046613510351498,8.808639232066918e-07,-5.066381809858081e-06,-1.5906542056074766,-1.5628272251314164,8.808639413594834e-07,-1.8503566505992093,-2.519893899204244,1.97348478483646,-0.3057473338091835,1.4644684354655926,0.0,0.0,2.0607084906825004e-11,0.0375473907657658,3.3511549510958956e-11,0.0610601281230976,7.653881878582779e-11,0.1394584896745785,4.1769062667291176e-10,0.7610583083341023,-1.3233411381999292,-2.034774436075907,-1.3207735475237392,-1.6121789624800584,-2.008494389308455,0.1407552083333333,23.433333333333334,-1.8175297878544052,0.0802305519228264,0.1832428450585375,3.7141992247762494,0.1909090909090909,2,0.0,0.0,3.0
brux2,bruxism,brux2.edf,EMG1-EMG2,31,12180.0,12210.0,SLEEP-S2,S2,ROC-LOC,none,7680.0,30.0,0.006956498931786972,4.756004826035066e-06,-4.489546772470624e-05,-0.2697819314641742,-0.18702734147759711,4.756009951440464e-06,1.890183932033904,1.5384615384615374,2.083690042262492,-0.1431614953904818,6.232007511819409,1.3315752101782112,1.183865139435112,1.0152886249356347e-10,0.0228964936695998,1.1245575673665072e-10,0.0253606950673166,3.9480421701091565e-10,0.0890350983307317,3.8191685850244725e-09,0.8612877873589028,1.379041511117416,0.19879746405322965,1.3750021874996008,-0.13566108167040136,-1.3481514423668826,0.118359375,21.6,1.4576780946292878,0.0294450884356366,0.1033743884883745,3.888590961372631,0.2818181818181818,3,0.9971354166666667,14.95703125,0.08203125
brux2,bruxism,brux2.edf,EMG1-EMG2,40,13050.0,13080.0,SLEEP-S2,S2,ROC-LOC,none,7680.0,30.0,0.012222057963273815,2.0005895517437985e-06,-2.041812910117504e-05,-0.8006230529595014,-0.9013961605587346,2.000627043037156e-06,-1.2338261289393129,-1.3899204244031813,1.6562171874202911,0.091016748331219,23.577111796240764,1.1461033903114637,1.3074588707343484,9.804568643918872e-12,0.012602581306966,2.1179117614944775e-11,0.0272231815030113,1.2522233868366408e-10,0.1609580963756237,6.209848032503414e-10,0.7982004877090318,-0.8203154546326726,-1.1939983774229628,-0.821755212413914,-0.7274837237293756,-0.21548390741320436,0.066015625,8.866666666666667,-1.1521185893148227,0.0341056938979659,0.2016512127643522,12.77183558313208,0.3636363636363636,4,0.1078125,0.453125,0.44921875
brux2,bruxism,brux2.edf,EMG1-EMG2,50,14010.0,14040.0,SLEEP-S2,S2,ROC-LOC,none,7680.0,30.0,0.00019273933058650236,4.091334524174781e-06,-7.831527544636045e-05,0.47165109034267916,0.7961023851073896,4.0913345300130975e-06,-0.19599624660286122,-1.0026525198938967,0.9633198953338936,-0.9968139888377886,55.74667393454941,1.3711915816795113,1.1370895736082265,8.476264682639994e-12,0.008081026806638,3.5157320846152306e-11,0.0335179778882087,1.2353776265217174e-10,0.1177773475701987,8.81214396107918e-10,0.8401244444298712,-0.13052570434800087,0.4292565235197735,-0.1302543918673828,0.7171058384542777,0.997990369272927,0.06171875,7.933333333333334,0.2560965624590722,0.0398964440452091,0.1401903591201007,14.57455226772072,0.4545454545454545,5,0.34596354166666665,0.86328125,0.6171875
brux2,bruxism,brux2.edf,EMG1-EMG2,60,15150.0,15180.0,SLEEP-S2,S2,ROC-LOC,none,7680.0,30.0,-0.0006775681621649114,3.281018739546238e-06,-1.785441782389745e-05,-0.709657320872274,-0.9077952297850315,3.2810188042763263e-06,0.7585269084311201,0.9973474801061032,2.013004980924028,0.0385658840351924,1.891781981492,1.3428803174658328,1.168083995205947,8.417602639788076e-12,0.0034935857747853,4.039100014416588e-11,0.0167636118704413,1.1074787012694171e-10,0.0459640589155912,2.249187795614986e-09,0.9334879328277592,0.5261851003704959,-0.8060016225770371,0.5257926519478751,-1.1526141472857643,-2.0056182016036925,0.143359375,29.133333333333333,0.24246898835346112,0.0179580381073168,0.0492390499107525,13.156699700157136,0.5454545454545454,6,0.9921875,10.25,0.09765625
brux2,bruxism,brux2.edf,EMG1-EMG2,70,18720.0,18750.0,SLEEP-S2,S2,ROC-LOC,none,7680.0,30.0,-0.0004351537463757178,6.444613992351423e-06,-8.695254082099801e-05,1.2853582554517133,1.3406050029079628,6.4446140053502684e-06,1.3900749122000922,0.4774535809018569,0.7347915444676942,-0.596277446515849,40.5622854530446,1.3671177339845075,1.1679168331352403,1.1601813787326643e-09,0.0567814777577741,9.83711932895838e-10,0.0481447282827427,2.4068598360118366e-09,0.1177962866408642,1.5877471004435046e-08,0.7770735535100944,1.0558639477985723,2.063701126044449,1.056510904896862,2.3166432721336494,1.0020096307270732,0.0686197916666666,9.733333333333333,2.0748515450726215,0.0619564622489978,0.1515896225122709,2.074554789563158,0.6363636363636364,7,0.5483072916666667,0.478515625,1.5546875
brux2,bruxism,brux2.edf,EMG1-EMG2,79,19410.0,19440.0,SLEEP-S2,S2,ROC-LOC,none,7680.0,30.0,-0.00019273933058650236,1.972580374869857e-06,-9.735998779185106e-06,-1.2778816199376946,-1.3278068644565149,1.9725803819312613e-06,-0.7661738710606872,-0.4031830238726766,2.284389493601628,-0.2661329295138727,1.4083284124467277,1.175805617244964,1.31164031685309,8.976731790715548e-12,0.0045622623787202,7.278012828130198e-11,0.0369891903776871,2.7294984723875456e-10,0.1387218475907626,1.6118247410876362e-09,0.81918091670737,-0.4918743058320809,-1.4665589998079944,-0.49086363922497894,-1.4337164993358813,-2.0578261768503516,0.1338541666666666,25.03333333333333,-0.8478814106851773,0.0451538721462923,0.1693421376908335,30.40637211875497,0.7181818181818181,8,0.7,0.5625,0.181640625
brux2,bruxism,brux2.edf,EMG1-EMG2,89,22710.0,22740.0,SLEEP-S2,S2,ROC-LOC,none,7680.0,30.0,0.0002245313851162267,6.194432192334011e-06,-7.602624752021975e-05,1.1993769470404985,1.0922047702149684,6.194432197393502e-06,1.6538678679613974,1.3687002652519888,1.379818898339571,0.2859798904304906,41.37536945684947,1.329285533939054,1.1627570995209575,6.573920422897452e-10,0.0773723150022624,6.68858533450672e-10,0.078721873422507,5.396060384006547e-10,0.0635093911919561,6.518109807316021e-09,0.7671544721995771,1.1846413157900133,1.7743500838248967,1.1854956795588962,1.9549127310024992,0.5392364726840716,0.0563802083333333,8.066666666666666,1.4419050270680636,0.1026154135513237,0.0827856624622974,0.820828369812885,0.8090909090909091,9,0.9190104166666667,1.125,0.1171875
brux2,bruxism,brux2.edf,EMG1-EMG2,99,24990.0,25020.0,SLEEP-S2,S2,ROC-LOC,none,7680.0,30.0,-0.0010431767892568273,4.199526854207897e-06,-8.240500534106516e-05,2.333333333333334,1.743164630598798,4.199526977435154e-06,0.19599624660286077,0.40318302387267885,1.5579603030638869,1.4571688960304257,129.88462924004452,1.4197179208119248,1.1247429893395413,1.7279155160424593e-12,0.0011415148490293,2.1600127205594456e-11,0.0142697173080439,8.907694613007666e-11,0.0588470071422002,1.396338594958848e-09,0.9224647997079072,0.13052570434800045,0.41362604938818054,0.13025439186738302,0.6583771167602898,0.46822454228600674,0.0403645833333333,6.4,-0.24246898835346076,0.0154691185100638,0.0637932278400582,51.55167906246628,0.9,10,0.8104166666666667,0.716796875,0.1171875
n11,control,n11.edf,EMG1-EMG2,5,2160.0,2190.0,SLEEP-S2,S2,ROC-LOC,none,15360.0,30.0,0.0008852370360761859,6.636261619885747e-06,-6.77420339396899e-05,0.2620345140781109,0.10537686029747644,6.636282361498033e-06,-0.06729397856187884,-1.0763888888888906,1.7499980931997627,0.2764813713994183,17.75137240501056,0.790791071559619,1.3116936791013545,4.891839382383228e-12,0.0003606844748038,6.244521765484862e-11,0.0046042027902556,2.7408677564535286e-10,0.0202089310373397,1.320744533839035e-08,0.97380966810425,-0.014953273036156777,-0.03424087867384755,-0.014939359677995184,-0.05628192202094132,-0.06846924982379436,0.0926432291666666,23.9,-0.39641827087962894,0.004728031504574,0.0207524444450024,56.02938981038705,0.1219512195121951,1,0.996875,14.953125,0.09375
n11,control,n11.edf,EMG1-EMG2,8,6870.0,6900.0,SLEEP-S2,S2,ROC-LOC,none,15360.0,30.0,0.0022483629771497225,1.4328423807700206e-05,-0.0002592632157245,3.6984559491368945,3.427988478156671,1.4328435057572534e-05,-0.3409284353517055,-2.312500000000003,0.1418496715955339,0.3717828876428071,105.13805298767046,0.7130495950280108,1.3643850943686495,3.4956525165732046e-10,0.0357579127259001,1.0117454731286858e-09,0.103494000497582,6.860164381168957e-10,0.0701743545916405,7.724828361537607e-09,0.7901922089361527,-0.12827916097401598,2.520801796613826,-0.13367961173888776,2.998030293346875,3.803488498669883,0.0502604166666666,8.266666666666667,0.3034004487912961,0.1309731978209675,0.0888066900661008,1.9624846430371143,0.1951219512195122,2,0.16510416666666666,4.953125,3.0
n11,control,n11.edf,EMG1-EMG2,12,10380.0,10410.0,SLEEP-S2,S2,ROC-LOC,none,15360.0,30.0,-0.0017019203622878753,6.860560732305405e-06,-7.616591380783787e-05,-0.2620345140781107,-0.10537686029747644,6.860575026690026e-06,0.0672939785618791,0.48611111111111044,1.4857661080833304,-0.2959215292047089,8.910374604811501,0.8101095999596525,1.318075893124904,1.1501457275137751e-10,0.0046173663010344,2.8108300055603096e-10,0.0112843367889267,6.155072743105322e-10,0.0247101082798134,2.3864168521909583e-08,0.958049096730246,0.014953273036156777,0.0342408786738478,0.014939359677995184,0.05628192202094149,0.040146455593355786,0.1146484375,27.966666666666665,-0.07531843822369226,0.0117784535546658,0.0257921106174488,5.35155902062124,0.2926829268292683,3,0.9584635416666667,2.951171875,0.1083984375
n11,control,n11.edf,EMG1-EMG2,15,10920.0,10950.0,SLEEP-S2,S2,ROC-LOC,none,15360.0,30.0,0.0003328332290522112,2.5036121583617825e-06,-1.3841411305090952e-05,-0.9791099000908265,-0.9745559289486266,2.503663537230396e-06,-1.1763621637907216,-0.9236111111111095,2.1354899610834046,-0.0272047111013019,0.7545693030394167,0.7345728795947866,1.380626984993511,3.249360567821861e-11,0.0075066260672409,1.026678274813284e-10,0.0237181738976709,2.771961444700338e-10,0.0640374547664395,3.913576286108372e-09,0.9041087670098104,-1.0433063732444194,-1.0053868144385993,-1.0431940035405185,-0.9798759114513717,-0.9341462529671954,0.1501302083333333,40.73333333333333,-1.135537259368056,0.0262337616480757,0.0708293704287735,8.53079055661238,0.3658536585365853,4,0.42018229166666665,0.4404296875,0.3896484375
n11,control,n11.edf,EMG1-EMG2,19,13020.0,13050.0,SLEEP-S2,S2,ROC-LOC,none,15360.0,30.0,-0.0012448956298579698,3.562948140144692e-06,-3.853314613600292e-05,-0.6666666666666666,-0.615218434949514,3.562977490039636e-06,-0.913242856537343,1.6111111111111123,1.772649593143643,-0.3380556171298385,11.94997909260694,0.7629992938752306,1.338752337374036,2.656321654372538e-10,0.0659287963407847,3.631915944886127e-10,0.0901426400161645,5.468047323114094e-10,0.1357146555478117,2.8496452043706603e-09,0.7072700627696602,-0.862751971531619,-0.693721411684534,-0.8619007990620933,-0.5346405003497727,-0.040146455593355786,0.0988932291666666,24.133333333333333,-0.9080995833274359,0.1274515135889778,0.1918851973125441,2.0585034625280447,0.4634146341463415,5,0.37942708333333336,0.6376953125,0.119140625
n11,control,n11.edf,EMG1-EMG2,22,16050.0,16080.0,SLEEP-S2,S2,ROC-LOC,none,15360.0,30.0,-0.0010879175695885674,2.694030908402375e-06,-1.0178854840678792e-05,-1.0208900999091735,-1.0254440710513733,2.694070571760338e-06,-0.9880872600468987,2.2708333333333357,2.083033021738041,-0.1084932171158377,-0.1346304663260933,0.8098003771247644,1.2595133272402592,1.9795855527698205e-11,0.0050052296056747,1.2710015275710936e-10,0.0321362947196472,3.1016701459550777e-10,0.0784233407838829,3.4961769870971232e-09,0.8839814241931896,-0.9566936267555805,-0.9946131855614005,-0.9568059964594814,-1.0201240885486282,-1.0658537470328044,0.1600260416666666,48.3,-1.0919004166725643,0.0363540384900939,0.0887160506290728,15.668280371188024,0.5365853658536586,6,0.7456380208333333,0.587890625,0.109375
n11,control,n11.edf,EMG1-EMG2,26,16380.0,16410.0,SLEEP-S2,S2,ROC-LOC,none,15360.0,30.0,0.05210181302903588,4.226433906825709e-05,-0.0010001068245635,6.387375113531856,10.675708113300237,4.226439346397304e-05,1.0119127399531012,-0.38888888888888773,0.3626727956594376,-6.037701937953435,179.741959529572,0.3109385836339308,2.691747782787633,3.30973384254581e-08,0.0353983193415712,2.1112174169314706e-07,0.2257992693048184,2.871012756215331e-07,0.3070610242788071,4.03556775233329e-07,0.4316127000464791,2.634714302061383,10.399921734613416,2.641844562256396,7.404037642382382,2.7289770547271512,0.0296875,2.2333333333333334,1.9876635741948254,0.5231525144661006,0.7114272222428593,8.674452064118185,0.6341463414634146,7,0.9999348958333333,29.998046875,3.0
n11,control,n11.edf,EMG1-EMG2,29,16920.0,16950.0,SLEEP-S2,S2,ROC-LOC,none,15360.0,30.0,-0.03995886459477876,2.6046973223685097e-05,-0.0004421468685142,13.684831970934837,10.144743158907144,2.6046984514153203e-05,1.6842075719615845,-0.4652777777777842,1.0864569974808451,13.225855257950537,623.7594951807113,0.474223205763448,2.13082363587668,1.062477366530772e-07,0.0347283811164081,5.587892063798334e-07,0.1826471333338475,7.620783442025155e-07,0.2490946914421609,1.631996176570515e-06,0.5334380475842382,1.9449214768679313,5.6132115096632536,1.948578852321637,3.893064977077371,1.5024404953506019,0.0322265625,7.0,1.1534780237068918,0.3423961492079447,0.4669608637220895,7.172654855612343,0.7073170731707317,8,1.0,30.0,3.0
n11,control,n11.edf,EMG1-EMG2,33,17160.0,17190.0,SLEEP-S2,S2,ROC-LOC,none,15360.0,30.0,0.02222829204055261,1.6692265860781885e-05,-0.0001981900866805,2.594913714803669,2.364378300528185,1.6692308966535254e-05,1.854868254191912,0.38888888888888773,1.5819399203793687,0.6820325062483448,36.56362848981327,0.6111593403882908,1.6424441788623956,1.5970198432052214e-08,0.0597904228521046,5.010754428559595e-08,0.1875963704310311,5.20544280459142e-08,0.1948852594056163,1.488382728846813e-07,0.5572318534559667,2.0298914019217182,2.534648465981131,2.023769321007239,2.101594808763626,0.46592802885144363,0.062109375,11.9,1.1800242360367865,0.3366576574320967,0.3497381892239878,3.259472840452682,0.8048780487804879,9,0.9999348958333333,29.998046875,3.0
n11,control,n11.edf,EMG1-EMG2,36,27690.0,27720.0,SLEEP-S2,S2,ROC-LOC,none,15360.0,30.0,-0.00033283322905220785,9.066806459546412e-06,-2.6690880234403613e-05,-0.8623978201634878,-0.811809889582295,9.06681949374323e-06,2.040571362455908,4.645833333333338,1.742729747655963,-0.2027836657893368,-0.904581312924579,0.9076172554496184,1.1276030594675222,1.1268339036725616e-10,0.0084009361163973,1.0643841380374522e-09,0.0793535153478805,2.1604648159784966e-09,0.1610701172693285,1.0028846007167577e-08,0.7476851233603223,1.3242860020522997,-0.08817962366677011,1.3256229556353565,-0.9238749723619573,-1.1691957346407507,0.1731770833333333,66.03333333333333,0.07531843822369226,0.1061322645972169,0.2154250662972011,19.17287728863268,0.8780487804878049,10,1.0,30.0,3.0
n3,control,n3.edf,EMG1-EMG2,8,11640.0,11670.0,SLEEP-S2,S2,ROC-LOC,none,15360.0,30.0,-3.288225699758805e-05,9.74812484719827e-07,-4.545643207346575e-06,0.5815974474046025,0.9731543624161073,9.74929921710091e-07,6.86238420775779,-2.004987531172063,2.0421861275722497,-0.0411318154668849,0.1661220484602341,0.0,0.0,1.918527328437675e-12,0.0021693680084941,2.1380026714547368e-11,0.0241753897835064,3.741373399186853e-11,0.0423054477239924,8.231667718668842e-10,0.9307929233396172,0.2910318032962409,0.21276801102002926,0.29069513040934947,0.029188892664438974,-0.711205937030926,0.1624348958333333,38.36666666666667,0.7191778071145383,0.0259728981358892,0.0454509769715519,19.501277587917325,0.1066666666666666,1,0.8532552083333333,1.0537109375,0.111328125
n3,control,n3.edf,EMG1-EMG2,15,19920.0,19950.0,SLEEP-S2,S2,ROC-LOC,none,15360.0,30.0,6.277521790448296e-05,4.985172823763746e-07,-2.066201457884852e-06,-1.4999092064644994,-1.0268456375838928,4.987497937854746e-07,-0.9743537882770875,0.9276807980049887,1.940108313784468,-0.0307409638500627,0.0878790412252268,0.0,0.0,1.0657435343904365e-12,0.0043783948323532,7.717440596426254e-12,0.0317055660541373,3.2551170983863235e-11,0.1337299962174392,2.0144361716184088e-10,0.8275909390305772,-0.08306707965130943,-0.08203937566944468,-0.0828549344518386,-0.031054196740891157,-1.1855048918240685,0.1696614583333333,45.6,-0.22949324304240443,0.038310673255167,0.1615894881281418,30.5431559596383,0.2,2,0.0,0.0,3.0
n3,control,n3.edf,EMG1-EMG2,21,20730.0,20760.0,SLEEP-S2,S2,ROC-LOC,none,15360.0,30.0,-0.00022818293492266636,8.10888197999398e-06,-0.0001257934057952,150.5419077018688,119.89932885904334,8.108895736472709e-06,67.05905909954427,0.15461346633416584,0.2103056759053118,1.5566950527756265,81.6411744378462,0.7564105089241531,1.3239329236202757,8.959223552830143e-12,0.0024565658594129,3.2468485243517407e-11,0.0089026657149192,4.802172726705747e-10,0.13167272255086,3.125122689626399e-09,0.8568900709468138,2.0826050547591444,7.306259936819565,2.0772132348175245,5.314329023347695,50.298017977277276,0.0571614583333333,10.666666666666666,10.303796723542286,0.0103895073787963,0.1536634943212368,53.600322599258966,0.28,3,0.8733723958333334,0.87109375,0.1328125
n3,control,n3.edf,EMG1-EMG2,28,24660.0,24690.0,SLEEP-S2,S2,ROC-LOC,none,15360.0,30.0,4.6832305420803904e-05,6.284042750422397e-07,-2.892682041038759e-06,-0.5815974474046016,-0.2617449664429533,6.285883578130341e-07,0.14509930828040027,-1.4912718204488724,2.109507725288433,0.0705352603066215,0.1988756839482213,0.0,0.0,8.689355302018996e-13,0.0018152226062942,8.061379655836973e-12,0.0168403731699128,3.968275744726437e-11,0.0828980239553902,4.2998505329076147e-10,0.8982468341704052,0.01813630680355355,-0.0006020741471003985,0.018095122349953432,-0.011858658886499777,-0.8337499889785563,0.1638020833333333,39.86666666666667,0.015405835619385203,0.0187480462265877,0.0922886903708961,45.66824127682288,0.3733333333333333,4,0.034505208333333336,0.29296875,1.837890625
n3,control,n3.edf,EMG1-EMG2,34,25050.0,25080.0,SLEEP-S2,S2,ROC-LOC,none,15360.0,30.0,-0.0001245540037787426,5.183214701270931e-07,-2.6477989052894536e-06,-0.367324703623959,-0.2751677852348995,5.185396343176321e-07,-0.5883661664171491,1.0723192019950112,2.1566279753486786,-0.0324035790145425,0.398290443570092,0.0,0.0,1.146287597444767e-12,0.0044213913262586,1.0651988888473036e-11,0.041086208543024,4.056920888192984e-11,0.1564811035760867,2.0678391258868598e-10,0.7975944253147934,-0.07169574386789881,-0.06447991412812831,-0.07161074470818687,-0.01539312160349602,-0.2713749888821718,0.1639322916666666,43.5,-0.19869552185205824,0.0515126576101735,0.1961913205628625,35.39182398236201,0.4533333333333333,5,0.0,0.0,3.0
n3,control,n3.edf,EMG1-EMG2,41,25650.0,25680.0,SLEEP-S2,S2,ROC-LOC,none,15360.0,30.0,-0.00035771909885252225,1.24443244765319e-05,-0.0001535264209188,242.64857713556876,172.4496644295058,1.2444333285631123e-05,132.87629950243397,-0.7431421446384014,0.0706983479940207,0.4962641924991696,44.48546700701496,0.8476094195586081,1.2950267360622207,2.4507605222275696e-10,0.0027387159837874,1.8321207548196966e-09,0.0204738829026539,6.774636420642912e-09,0.075706315983494,8.063156688353725e-08,0.9010548318325848,3.903708440796962,11.25974635512558,3.903280377128476,8.443268885720803,45.98707287160671,0.080078125,14.666666666666666,23.58481577086414,0.0227221276434572,0.0840196548633126,27.642996364594783,0.5466666666666666,6,0.6014322916666667,0.4404296875,0.443359375
n3,control,n3.edf,EMG1-EMG2,47,26010.0,26040.0,SLEEP-S2,S2,ROC-LOC,none,15360.0,30.0,3.288225699758805e-05,6.010497362866912e-07,-3.2600067446627186e-06,-0.4591558795299491,-0.046979865771812124,6.012418414984361e-07,-0.14509930828040254,-0.15461346633416584,2.2775814898604865,-0.2971733486005775,1.514072746544893,0.0,0.0,3.0222942741778306e-12,0.0065372515561591,2.865580568611892e-11,0.061982783051639,5.2906819183461435e-11,0.1144379582734715,3.7760477262291473e-10,0.8167627515734857,-0.018136306803553603,0.0006020741471003985,-0.01809512234995338,0.0076288067919812255,0.5495634767503149,0.1412109375,35.266666666666666,-0.015405835619384991,0.0758883567256585,0.1401116273397727,17.50551547395362,0.6266666666666667,7,0.0,0.0,3.0
n3,control,n3.edf,EMG1-EMG2,54,26820.0,26850.0,SLEEP-S2,S2,ROC-LOC,none,15360.0,30.0,0.00134817253690109,2.499757623345614e-06,-4.700225686788251e-05,43.37492541959584,38.35570469798656,2.4998121630240845e-06,18.285384895430983,-1.5860349127181956,0.8818771366719814,-0.2619601282732273,62.518835005537056,0.6869137437061841,1.4752524510542515,9.13962023420563e-12,0.0109154217553767,2.3046001748249545e-11,0.0275237725869425,3.9520798130906216e-11,0.0471995737955781,7.631174203518744e-10,0.9113889066026212,0.6771854010622842,1.8294000625604443,0.6751658615950672,1.4809909823415988,30.71126375476211,0.0572265625,9.033333333333331,2.6184031639655583,0.0301998108464395,0.0517886200431424,4.324118192897888,0.72,8,0.6716796875,0.474609375,0.330078125
n3,control,n3.edf,EMG1-EMG2,60,27810.0,27840.0,SLEEP-S2,S2,ROC-LOC,none,15360.0,30.0,9.266817881138118e-05,5.139563734106018e-07,-2.6477989052894536e-06,0.367324703623959,0.04697986577181175,5.141827895064961e-07,-1.0055013955746936,0.7630922693266796,2.0744164054771628,0.0174437321258184,0.7486746159641777,0.0,0.0,1.820376448134352e-12,0.0067744330868943,1.5600731623356565e-11,0.0580572840289927,3.84670349467497e-11,0.1431530025369498,2.1252687721936568e-10,0.7909073479635208,-0.07569337052900454,-0.06647164005826889,-0.07554773330958292,-0.0076288067919812255,0.27137498888217115,0.1567708333333333,41.766666666666666,-0.19900840150955046,0.0734059231823832,0.1809984480553245,21.13136268389617,0.8,9,0.0091796875,0.275390625,3.0
n3,control,n3.edf,EMG1-EMG2,67,32040.0,32070.0,SLEEP-S2,S2,ROC-LOC,none,15360.0,30.0,-0.00019629710995529832,4.963120056240426e-07,-1.729487146229556e-06,-1.2550260707151935,-1.0671140939597314,4.965376722704299e-07,-0.9944986044253064,1.3017456359102242,1.9348197933495497,-0.0032574803329229,0.1230966880510227,0.0,0.0,1.3748841842615024e-12,0.0059530003814962,1.939173188947285e-11,0.083962699300313,3.764233593380912e-11,0.1629845209796628,1.7250397492173388e-10,0.7469110782376865,-0.08682595237539661,-0.08081779282965304,-0.0866890496644897,-0.031239015455740832,-1.1662500110214435,0.1647135416666666,45.63333333333333,-0.22923417071454485,0.1124132466992194,0.2182114119450735,27.378550400612912,0.8933333333333333,10,0.0,0.0,3.0
n5,control,n5.edf,EMG1-EMG2,4,5910.0,5940.0,SLEEP-S2,S2,ROC-LOC,none,15360.0,30.0,-0.00032784305497272047,3.6578295445697215e-06,-7.921260443291495e-05,-0.053480729011551965,-0.17217847769075043,3.6578608212342095e-06,-0.1980457130412822,1.1006711409395935,2.012112522141008,1.700117245789318,132.97843307858636,0.8007251960268588,1.2848686636591582,4.620313936452836e-11,0.0071594500796209,1.5005019693616543e-10,0.023251166677789,4.533589587646103e-10,0.0702506556495173,5.802839893376463e-09,0.8991844084204604,-0.1884776705757608,-0.7447673439401774,-0.18961382347282774,-0.6949013920899897,-0.8909660827727495,0.0951822916666666,29.23333333333333,-0.5762255342947038,0.0258580625509653,0.0781270838235754,9.812297713965918,0.1081081081081081,1,0.9998697916666667,29.99609375,3.0
n5,control,n5.edf,EMG1-EMG2,7,8190.0,8220.0,SLEEP-S2,S2,ROC-LOC,none,15360.0,30.0,0.00032784305497272377,4.923010515346102e-06,-3.096173654293669e-05,-1.5897818942338429,-1.6251968503935887,4.923035812481067e-06,0.7852944670193973,0.8993288590604065,1.894334491276713,0.1866939148559168,4.17817840322291,0.8061098947975217,1.3309356862447006,1.852297808761716e-11,0.0011777788870556,1.0492552638271187e-10,0.0066716631149811,3.2163891745699175e-10,0.020451329394463,1.5195276561994062e-08,0.9661878253612096,0.7206506716530175,-0.12145483545869455,0.7219256368167095,-0.09946340972214901,-0.5385855460293925,0.1188151041666666,31.6,0.7603716911417995,0.006905140946572,0.0211670328042244,17.364319923911783,0.1891891891891892,2,0.9999348958333333,29.998046875,3.0
n5,control,n5.edf,EMG1-EMG2,10,11970.0,12000.0,SLEEP-S2,S2,ROC-LOC,none,15360.0,30.0,-0.00044109792850876683,7.037504357678649e-06,-0.0001312783733262,0.7072004780400288,0.870341207348905,7.037520371641604e-06,1.0386637992902477,0.040268456375842,1.519266979830989,0.6174773909113681,87.13866803005048,0.7990374554493084,1.3137239237659817,1.51554930222693e-09,0.095819695209769,3.425526579870365e-09,0.2165768624840112,1.507802228611507e-09,0.0953298911291583,9.331269696737548e-09,0.589963927235978,1.0463745013166623,1.7773655824400258,1.049096118535279,1.5253732063435181,1.1090339172272508,0.0694010416666666,16.1,1.294649344466483,0.3671018726495514,0.1615859660704773,0.9948882734438004,0.2702702702702703,3,1.0,30.0,3.0
n5,control,n5.edf,EMG1-EMG2,14,14100.0,14130.0,SLEEP-S2,S2,ROC-LOC,none,15360.0,30.0,-0.0007033723724868969,1.1212030073629829e-05,-0.0001269751649944,1.5879892441009902,1.336832895888028,1.1212039777066512e-05,4.135962394143828,3.100671140939582,1.3375246759543604,1.2608699720664691,30.5549345294367,0.8215549776481812,1.3018259347468009,8.07696660454196e-10,0.014130953682418,3.2180665958476104e-09,0.0563012727913068,8.698586736120036e-09,0.1521850123801256,4.4370112046158255e-08,0.7762716238734734,3.6725869949903727,4.188168657864318,3.6787949291036446,2.7606341753131054,0.47736344517695145,0.0821614583333333,20.5,4.373904639735846,0.0725277996255644,0.1960460845145238,10.769620777221627,0.3783783783783784,4,0.9999348958333333,29.998046875,3.0
n5,control,n5.edf,EMG1-EMG2,17,14580.0,14610.0,SLEEP-S2,S2,ROC-LOC,none,15360.0,30.0,-0.0034115546993222098,1.3921852643722605e-06,-6.576889329721875e-06,-2.1921123394090194,-2.257567804024541,1.3922373499520998e-06,-1.7092091782442422,-4.751677852348944,1.9951356026023883,-0.251132589882124,0.6777466321631618,0.715119832011807,0.0,9.679982323118996e-12,0.0053193190457294,9.768207039593534e-11,0.0536780006552696,2.827481014351093e-10,0.1553750111211975,1.4290750012114518e-09,0.7853016274176945,-1.4973554670974896,-2.1364198391848164,-1.501659524481295,-1.3225109343615884,-1.631311357712379,0.1486979166666666,38.3,-1.7724373499414097,0.0683533546616717,0.1978539273274102,29.20956795136014,0.4594594594594595,5,0.7931640625,0.8388671875,0.12890625
n5,control,n5.edf,EMG1-EMG2,20,14670.0,14700.0,SLEEP-S2,S2,ROC-LOC,none,15360.0,30.0,0.0022988752400208605,5.322684524710928e-06,-5.9008888719337706e-05,-1.2927995219599713,-1.129658792651095,5.322714131497394e-06,0.9613362007097523,-0.04026845637583627,1.878818125374184,-0.0507416286305523,6.806055919712522,0.7772611292456096,1.3393602439428531,5.168169596679453e-12,0.0006229335201218,3.606890223970072e-11,0.004347482763248,1.8836441731917906e-10,0.0227040748859561,8.059906127859268e-09,0.9714823792362892,0.9536254986833376,0.12145483545869488,0.950903881464721,0.051955181308676955,-0.47736344517695106,0.1094401041666666,28.933333333333334,0.8893534312802596,0.0044751020256957,0.0233705472906306,36.44702709450618,0.5405405405405406,6,0.9999348958333333,29.998046875,3.0
n5,control,n5.edf,EMG1-EMG2,23,22590.0,22620.0,SLEEP-S2,S2,ROC-LOC,none,15360.0,30.0,-0.0004212286524498064,3.257432858415509e-06,-0.0001037805668942,0.053480729011552236,0.17217847769075012,3.257467547191876e-06,-1.4596707136599654,-3.718120805369089,1.150562901221308,2.0865107554010494,358.4501030983468,0.8057475474925689,1.2650664298678111,7.10354821101435e-10,0.132355146800816,6.054705116975082e-10,0.1128128311074638,5.911640068194506e-10,0.1101472061309121,3.449310390332307e-09,0.6426844296856286,-1.2981775974471887,-0.48925099754768914,-1.300189968180931,-0.051955181308676955,2.4793472131763736,0.0569661458333333,12.566666666666666,-1.1106465687197404,0.1755337859400867,0.171386143872804,0.8322094666758592,0.6216216216216216,7,0.2725911458333333,4.0888671875,0.083984375
n5,control,n5.edf,EMG1-EMG2,27,22890.0,22920.0,SLEEP-S2,S2,ROC-LOC,none,15360.0,30.0,0.0007391370693930599,5.628043622458845e-06,-0.0001427230763361,0.4687780101580731,0.861942257218096,5.628066918973696e-06,-0.7150148730715776,-2.671140939597294,1.0713970930155383,0.0394543489652596,156.37481590259682,0.7192732097120658,1.309633035784507,3.927118859634987e-09,0.0939077454072523,2.8456275967268677e-09,0.0680464435706221,5.426192847174273e-09,0.1297545489800778,2.9617180067981628e-08,0.7082247074546854,-0.552918980716071,1.2552326560598226,-0.5538369405229353,1.5641133510187708,3.9470386091441383,0.0475911458333333,10.2,-0.2978873212477892,0.096080301709858,0.1832109888490158,1.3817236098829515,0.7297297297297297,8,0.6307291666666667,0.42578125,0.490234375
n5,control,n5.edf,EMG1-EMG2,30,23730.0,23760.0,SLEEP-S2,S2,ROC-LOC,none,15360.0,30.0,0.008023213672605193,5.169484126360718e-06,-9.401442032579252e-05,0.2715864953697962,0.1879265091868763,5.169537438438745e-06,0.19804571304128252,0.7516778523489897,1.5714427569938574,1.765286425395543,84.35529743762706,0.8136541623187359,1.3048016166626462,5.680312398673533e-10,0.0566096613637616,7.217307678733299e-10,0.0719272664909376,1.2706410256339334e-09,0.1266313419537223,7.436771704217492e-09,0.7411443214173692,0.1884776705757608,0.5097157829650119,0.18961382347282774,0.6277638364681126,0.8609087175648485,0.0742838541666666,17.766666666666666,0.2978873212477895,0.0970489342121429,0.1708592217390963,2.236921029080466,0.8108108108108109,9,0.9993489583333334,29.98046875,3.0
n5,control,n5.edf,EMG1-EMG2,33,29670.0,29700.0,SLEEP-S2,S2,ROC-LOC,none,15360.0,30.0,0.0005205750327445686,1.1787936474518965e-06,-9.53725250829739e-06,-2.0588586794149077,-2.145581802274732,1.1789018876214863e-06,-1.7872618699979748,-0.36241610738254365,2.31638171103196,0.157117881300889,3.1223773028696646,0.7898885609250179,0.0,1.5142884640919799e-12,0.0016834396783245,1.677728387582854e-11,0.018651364017371,4.7756173137792567e-11,0.0530907014426122,8.322921395670927e-10,0.9252620256504908,-1.6486004261393834,-2.24180219177155,-1.6525372160510552,-1.3050986079100104,-1.4436934789059555,0.1450520833333333,41.16666666666666,-1.9550596301811622,0.0201579266200387,0.0573790990776776,31.53703819993692,0.8918918918918919,10,0.21875,0.337890625,1.2041015625
